Date,Open,High,Low,Close,Volume,Change
2018-01-02,28100,29504,28000,29405,1345951,0.06935049821805217
2018-01-03,30205,30306,29203,29906,1154361,0.01703791872130589
2018-01-04,30608,31911,30006,31311,2265019,0.04698053902226973
2018-01-05,31510,31711,30507,31311,1067202,0.0
2018-01-08,32215,32616,31713,32014,1577403,0.022452173357605965
2018-01-09,31711,32112,31009,31512,1010891,-0.015680639720122458
2018-01-10,31311,31813,29706,30007,1656798,-0.04775958365067279
2018-01-11,28499,29403,27697,28200,2474827,-0.06021928216749428
2018-01-12,29202,29202,27898,28200,1377402,0.0
2018-01-15,28400,29603,28400,29103,1265024,0.03202127659574461
2018-01-16,29001,29101,28099,28200,1117873,-0.03102772910009277
2018-01-17,27899,27899,26695,26896,2415858,-0.04624113475177305
2018-01-18,26996,27799,26896,27197,1965579,0.011191255205234896
2018-01-19,27296,27897,26895,27698,1132433,0.018421149391476987
2018-01-22,27698,27899,27096,27197,815041,-0.018087948588345726
2018-01-23,27196,27696,27095,27397,965243,0.007353752252086565
2018-01-24,27395,27696,26995,27096,760888,-0.01098660437274157
2018-01-25,27095,27596,26995,27096,649676,0.0
2018-01-26,27297,28301,27096,28100,1271640,0.037053439622084516
2018-01-29,28299,28399,27798,27899,708612,-0.00715302491103198
2018-01-30,27899,28200,27598,27799,642199,-0.003584357862288945
2018-01-31,27598,28100,27096,28100,943362,0.01082772761610129
2018-02-01,28100,28501,27598,28401,910082,0.010711743772241933
2018-02-02,28500,29101,28400,28802,2099421,0.014119221154184736
2018-02-05,28000,28100,26996,26996,1624472,-0.06270397889035484
2018-02-06,25389,26292,25088,26293,2291759,-0.026040894947399584
2018-02-07,26894,26994,25389,25390,1043100,-0.03434374168029508
2018-02-08,25489,26091,24988,25390,1044087,0.0
2018-02-09,24385,24987,23482,23684,2074927,-0.06719180779834577
2018-02-12,23883,24084,23382,23684,817489,0.0
2018-02-13,24085,24286,23784,23885,721603,0.008486742104374168
2018-02-14,23984,25087,23884,24587,858572,0.029390831065522205
2018-02-19,25288,25288,24687,24888,419351,0.012242241835116019
2018-02-20,24888,24989,24387,24688,288935,-0.008036001285760208
2018-02-21,24788,25189,24487,24989,396493,0.012192158133506048
2018-02-22,24987,25087,24486,24788,306321,-0.008043539157229218
2018-02-23,24787,24886,24486,24788,383787,0.0
2018-02-26,24989,24989,24587,24688,303789,-0.00403421010166205
2018-02-27,24887,26292,24887,26293,1272000,0.06501134154244981
2018-02-28,26091,26592,25490,25691,857397,-0.022895827786863387
2018-03-02,25390,25792,24989,25591,474394,-0.00389241368572657
2018-03-05,25591,25691,24688,24688,417227,-0.03528584267906687
2018-03-06,25289,26894,25289,26594,1167882,0.07720349967595586
2018-03-07,26693,26793,25891,25992,596902,-0.022636684966533815
2018-03-08,25991,26493,25791,26494,499256,0.019313634964604587
2018-03-09,26695,27197,26293,26896,753680,0.015173246772854254
2018-03-12,27295,27395,26995,27096,384411,0.007436049970255709
2018-03-13,27196,28299,27095,28200,1320091,0.04074402125775012
2018-03-14,28000,28100,27297,27498,703764,-0.02489361702127657
2018-03-15,27598,28401,27498,28401,950867,0.03283875190922969
2018-03-16,28401,28702,27899,28301,1024727,-0.003521002781592175
2018-03-19,28098,28198,27296,27598,610095,-0.024840111656831865
2018-03-20,27196,28098,27095,27899,556447,0.010906587433872073
2018-03-21,27897,28098,27597,27698,416757,-0.007204559303200853
2018-03-22,27497,27897,27196,27698,567619,0.0
2018-03-23,27094,27295,25991,26193,1233587,-0.05433605314463141
2018-03-26,25991,26592,25389,26293,962796,0.0038178139197495575
2018-03-27,26996,26996,26293,26394,451505,0.0038413265888259662
2018-03-28,25892,26193,25691,25892,462777,-0.01901947412290672
2018-03-29,25991,26291,25389,25992,437532,0.0038621968175498456
2018-03-30,26393,26793,26092,26494,447866,0.019313634964604587
2018-04-02,26594,26795,25792,25892,454496,-0.022722125764323975
2018-04-03,25491,26193,25390,25792,483608,-0.0038621968175498456
2018-04-04,25890,25890,24787,24788,730140,-0.038926799007444224
2018-04-05,25088,25290,24888,24989,299168,0.008108762304340766
2018-04-06,25087,25187,24486,24587,376868,-0.016087078314458325
2018-04-09,24387,24587,24086,24387,547412,-0.008134379956887816
2018-04-10,24386,24786,24386,24587,322551,0.00820109074506914
2018-04-11,24888,25089,24285,24387,379388,-0.008134379956887816
2018-04-12,24486,24587,24086,24086,367434,-0.012342641571329027
2018-04-13,24186,24487,23984,24186,368169,0.004151789421240615
2018-04-16,24184,24184,23382,23483,815062,-0.029066402050773155
2018-04-17,23583,24084,23583,23684,399502,0.008559383383724306
2018-04-18,24084,24385,23783,23985,495833,0.012709001857794222
2018-04-19,23883,23883,23282,23383,648909,-0.025099020220971435
2018-04-20,23383,23584,22781,23082,650463,-0.012872599751956537
2018-04-23,22980,22980,22278,22279,669590,-0.034789013083788234
2018-04-24,22480,23182,22279,23082,473979,0.03604291036401985
2018-04-25,23181,23883,22780,23182,607008,0.004332380209687292
2018-04-26,23381,23582,22780,22881,366727,-0.012984211888534158
2018-04-27,23082,23182,22480,22781,402728,-0.004370438354966977
2018-04-30,22779,22879,22077,22279,618640,-0.02203590711557879
2018-05-02,22179,22982,21978,22982,526839,0.0315543785627721
2018-05-03,22982,23383,22681,22781,350536,-0.008745975110956428
2018-05-04,22681,22781,22379,22480,251346,-0.013212765023484452
2018-05-08,22480,22681,22078,22480,331690,0.0
2018-05-09,22279,22681,22179,22681,332320,0.008941281138790114
2018-05-10,22680,23682,22278,23483,840339,0.03535999294563741
2018-05-11,23582,23682,23282,23483,367532,0.0
2018-05-14,22982,23283,22279,22681,657566,-0.03415236554102963
2018-05-15,22480,23082,22480,22982,320939,0.013271019796305294
2018-05-16,22981,23481,22780,23483,466027,0.02179966930641375
2018-05-17,23582,23782,23282,23383,338096,-0.004258399693395254
2018-05-18,23784,23884,22580,22781,819348,-0.025745199503913074
2018-05-21,22781,22982,22580,22781,176761,0.0
2018-05-23,22679,22980,22579,22580,285620,-0.008823142092094338
2018-05-24,22480,22881,22480,22681,208135,0.004472984942426983
2018-05-25,22480,22881,22379,22480,257170,-0.008862043119791885
2018-05-28,22279,22379,21677,21677,679442,-0.03572064056939506
2018-05-29,21677,22078,21577,21677,318837,0.0
2018-05-30,21474,21575,20773,20874,600575,-0.03704387138441667
2018-05-31,20974,21275,20673,20774,470392,-0.004790648653827723
2018-06-01,20773,21474,20773,20974,452021,0.009627418888995765
2018-06-04,20874,21777,20874,21677,432581,0.03351768856679693
2018-06-05,21676,22478,21475,22379,477854,0.0323845550583568
2018-06-07,22478,22779,21877,22379,355080,0.0
2018-06-08,22480,22781,22179,22681,393243,0.0134947942267305
2018-06-11,22680,22980,22479,22881,251178,0.00881795335302682
2018-06-12,22880,22980,22680,22881,180468,0.0
2018-06-14,22881,22881,22480,22480,250011,-0.017525457803417632
2018-06-15,22480,22480,21878,21978,336430,-0.022330960854092474
2018-06-18,21878,22078,21275,21577,405910,-0.018245518245518233
2018-06-19,21476,22179,21175,21376,250870,-0.009315474811141478
2018-06-20,21275,21878,21275,21677,290289,0.014081212574850399
2018-06-21,21575,21876,21274,21476,172840,-0.009272500807307238
2018-06-22,21375,22980,21375,22881,651617,0.065421866269324
2018-06-25,22880,22980,22479,22881,345973,0.0
2018-06-26,22580,22681,22279,22480,250298,-0.017525457803417632
2018-06-27,22578,22779,22077,22279,311174,-0.008941281138790003
2018-06-28,22077,22578,21877,22379,221308,0.004488531801247753
2018-06-29,22681,23182,22480,22982,579530,0.02694490370436564
2018-07-02,23180,23381,22378,22379,415693,-0.026237925332869172
2018-07-03,22780,23080,22579,22881,314988,0.022431744045757096
2018-07-04,22981,23682,22880,23483,846154,0.02631003889690131
2018-07-05,23481,23782,23181,23383,348243,-0.004258399693395254
2018-07-06,23383,23483,22681,22982,383082,-0.017149210965231143
2018-07-09,22982,23584,22982,23584,394098,0.026194413018884255
2018-07-10,23582,23682,23282,23483,222321,-0.004282564450474924
2018-07-11,23282,23481,23081,23383,250313,-0.004258399693395254
2018-07-12,23483,23684,23182,23584,444272,0.008595988538681931
2018-07-13,23683,23883,23382,23684,302155,0.004240162822252369
2018-07-16,23682,23782,23181,23383,236711,-0.012709001857794333
2018-07-17,23281,23381,22780,22881,372754,-0.02146858829063847
2018-07-18,23082,23383,22480,22681,351263,-0.008740876709933953
2018-07-19,22680,23180,22579,22881,267375,0.00881795335302682
2018-07-20,22881,23182,22681,23082,184967,0.008784581093483679
2018-07-23,23081,23481,22780,23182,346894,0.004332380209687292
2018-07-24,23181,23682,23081,23483,502533,0.012984211888534158
2018-07-25,23583,23683,23282,23684,310394,0.008559383383724306
2018-07-26,23684,23784,23283,23584,262125,-0.0042222597534200546
2018-07-27,23583,24084,23382,23985,568921,0.01700305291723203
2018-07-30,23782,23883,23282,23383,308410,-0.025099020220971435
2018-07-31,23080,23281,22378,22580,654749,-0.034341188042595006
2018-08-01,22579,22779,22378,22580,276459,0.0
2018-08-02,22578,23080,22278,22279,311779,-0.01333038086802485
2018-08-03,22379,22681,22379,22681,169521,0.018043897841016232
2018-08-06,22781,22982,22580,22781,189971,0.00440897667651341
2018-08-07,22881,24086,22681,24086,742353,0.05728457925464192
2018-08-08,24487,24989,23684,23885,1216684,-0.00834509673669348
2018-08-09,24285,25288,23984,25189,1622449,0.05459493405903282
2018-08-10,25188,25990,24887,25691,1269641,0.019929334233196982
2018-08-13,25388,25589,24586,24888,636617,-0.03125608189638396
2018-08-14,25089,25792,24688,25591,518080,0.02824654451944708
2018-08-16,24989,25691,24888,25591,478674,0.0
2018-08-17,25792,25892,25390,25491,327327,-0.0039076237739830155
2018-08-20,25491,25691,24888,24989,328660,-0.01969322505982507
2018-08-21,25087,25388,24887,24888,353528,-0.004041778382488315
2018-08-22,25189,25189,24587,24989,333939,0.004058180649308962
2018-08-23,25088,25288,24787,25189,292057,0.008003521549481807
2018-08-24,25087,25087,24687,24888,283256,-0.011949660566120124
2018-08-27,24887,25690,24887,25691,588666,0.03226454516232713
2018-08-28,25489,25589,24787,25189,480764,-0.019539916702347115
2018-08-29,25088,25589,24887,25390,750163,0.00797967366707697
2018-08-30,25389,25689,25188,25390,313774,0.0
2018-08-31,24887,25187,24687,25089,431909,-0.011855061047656545
2018-09-03,25089,25189,24285,24387,460200,-0.027980389812268358
2018-09-04,24387,24688,24186,24487,268355,0.004100545372534459
2018-09-05,24485,24786,24285,24286,215419,-0.00820843712990571
2018-09-06,24387,24486,23884,24086,299195,-0.008235197232973723
2018-09-07,24086,24186,23784,24086,206174,0.0
2018-09-10,23885,24186,23784,23885,216152,-0.00834509673669348
2018-09-11,23782,23782,23282,23383,424870,-0.0210173749214988
2018-09-12,23383,24186,23383,24086,344739,0.0300645768293204
2018-09-13,24285,24485,23984,24286,407528,0.008303578842481008
2018-09-14,24186,24286,23784,24086,287642,-0.008235197232973723
2018-09-17,24186,24387,23684,24387,359811,0.012496886157933984
2018-09-18,24487,24587,24086,24186,384132,-0.008242096198794457
2018-09-19,24284,24284,23382,23483,664304,-0.029066402050773155
2018-09-20,23684,23984,23483,23584,308838,0.004300983690329163
2018-09-21,24385,24786,23783,23784,667099,0.008480325644504738
2018-09-27,23885,24286,23885,24186,275536,0.01690211907164474
2018-09-28,24085,24186,23885,23885,229927,-0.012445216240800416
2018-10-01,24084,24786,23984,23985,368677,0.004186728072011814
2018-10-02,24184,24284,22981,23182,615909,-0.03347925786950179
2018-10-04,22982,23182,22279,22480,603136,-0.030282115434388746
2018-10-05,22179,22379,21777,21878,479642,-0.026779359430604943
2018-10-08,21577,22179,21577,21577,187871,-0.013758113173050535
2018-10-10,21374,21775,20873,20874,516278,-0.032580989016081974
2018-10-11,20069,20471,19769,19770,957608,-0.052888761138258134
2018-10-12,19770,20473,19589,20272,537122,0.025392008093070295
2018-10-15,20272,20473,19911,19931,219792,-0.016821231254932956
2018-10-16,19931,20272,19931,20172,183949,0.012091716421654741
2018-10-17,20673,20673,20071,20172,302780,0.0
2018-10-18,20071,20372,20011,20172,173176,0.0
2018-10-19,20071,20473,19891,20272,268396,0.0049573666468372135
2018-10-22,20372,20874,20172,20573,208316,0.014848066298342566
2018-10-23,20573,20774,20071,20172,194001,-0.019491566616439027
2018-10-24,20272,20372,19850,19911,312593,-0.01293872694824505
2018-10-25,19527,19527,18464,18907,1024715,-0.05042438852895381
2018-10-26,19068,19168,18044,18245,653419,-0.03501348706828156
2018-10-29,18042,18544,17501,17582,599252,-0.03633872293779117
2018-10-30,17260,18283,17260,18164,521229,0.03310203617335916
2018-10-31,18244,18624,18003,18385,336787,0.012166923585113398
2018-11-01,18464,19186,18444,18686,372853,0.01637204242589063
2018-11-02,19108,19770,18887,19710,409600,0.054800385315209255
2018-11-05,19469,19549,19007,19168,339846,-0.027498731608320615
2018-11-06,19208,19569,19068,19389,195992,0.011529632721201999
2018-11-07,19487,19608,19107,19188,269320,-0.010366702769611602
2018-11-08,19649,20471,19629,20071,644793,0.04601834479883271
2018-11-09,20071,20473,19810,20172,292309,0.005032135917492964
2018-11-12,20272,20372,20071,20272,201208,0.0049573666468372135
2018-11-13,19829,20371,19809,20372,278476,0.004932912391475863
2018-11-14,20572,20872,20371,20673,281601,0.014775181621834
2018-11-15,20572,20873,20371,20874,170612,0.00972282687563486
2018-11-16,21075,21275,20473,20573,206149,-0.014419852448021464
2018-11-19,20572,21575,20572,21476,346393,0.043892480435522296
2018-11-20,21375,21575,21074,21476,234825,0.0
2018-11-21,21075,21577,20974,21577,206018,0.00470292419444962
2018-11-22,21476,21577,21275,21376,143409,-0.009315474811141478
2018-11-23,21476,21978,21275,21677,242633,0.014081212574850399
2018-11-26,21576,22679,21576,22580,460406,0.04165705586566415
2018-11-27,22681,22881,22078,22179,270808,-0.017759078830823727
2018-11-28,22379,22681,22279,22480,185906,0.013571396365931632
2018-11-29,22681,22881,22279,22480,263008,0.0
2018-11-30,22479,22679,22378,22580,346553,0.004448398576512469
2018-12-03,22982,23082,22580,22781,262030,0.008901682905225972
2018-12-04,22881,23082,22681,22781,264857,0.0
2018-12-05,22480,23082,22379,22982,222316,0.008823142092094338
2018-12-06,23081,23584,22982,23283,396531,0.013097206509442127
2018-12-07,23383,23483,22480,22982,354995,-0.012927887299746588
2018-12-10,22679,22779,22077,22279,331087,-0.030589156731354983
2018-12-11,22076,22177,21375,21476,461496,-0.036042910364019964
2018-12-12,21475,22277,21174,22078,393740,0.028031290743155246
2018-12-13,22378,22980,22178,22379,494887,0.013633481293595429
2018-12-14,22177,22377,21877,22078,196803,-0.013450109477635253
2018-12-17,22078,22480,21777,22179,173155,0.0045746897363891925
2018-12-18,21776,22277,21475,21777,188963,-0.01812525361828754
2018-12-19,21777,21878,21275,21677,218497,-0.004592000734720103
2018-12-20,21474,21474,20271,20673,579446,-0.04631637219172391
2018-12-21,20572,20973,20271,20974,429650,0.014560054176945725
2018-12-24,20974,20974,20071,20272,320266,-0.03347001048917708
2018-12-26,19868,20170,19669,19770,492532,-0.024763220205209158
2018-12-27,20171,20471,20070,20372,217247,0.030450177035912906
2018-12-28,20271,20972,20271,20673,190847,0.014775181621834
2019-01-02,20774,21075,20372,20473,173462,-0.00967445460262173
2019-01-03,20573,21175,20172,20573,293989,0.004884482000683921
2019-01-04,20473,20874,20372,20774,251728,0.009770087007242578
2019-01-07,21073,21474,20472,20673,378153,-0.004861846538942949
2019-01-08,20571,20671,19970,20051,450462,-0.030087553814153734
2019-01-09,20172,20573,20071,20473,357096,0.021046331853772804
2019-01-10,20272,20673,20172,20272,291573,-0.009817808821374507
2019-01-11,20272,20774,20272,20473,180561,0.009915153906866703
2019-01-14,20471,20471,20030,20071,243305,-0.019635617642749015
2019-01-15,20069,20571,19970,20051,381581,-0.0009964625579194086
2019-01-16,20170,20270,20030,20071,217209,0.0009974564859607238
2019-01-17,20069,20471,19769,19770,434803,-0.014996761496686717
2019-01-18,19870,20051,19850,19991,291588,0.011178553363682342
2019-01-21,20049,20069,19809,19830,252620,-0.00805362413085886
2019-01-22,19951,20573,19931,20473,448490,0.032425617750882596
2019-01-23,20372,20673,20172,20573,360462,0.004884482000683921
2019-01-24,20573,20774,20272,20473,282408,-0.004860739804598224
2019-01-25,20372,20673,20272,20573,355017,0.004884482000683921
2019-01-28,20673,20874,20372,20473,275296,-0.004860739804598224
2019-01-29,20372,20473,20272,20473,225138,0.0
2019-01-30,20471,20571,19970,20051,565397,-0.020612514042885777
2019-01-31,20172,20172,19830,19931,546040,-0.005984738915764787
2019-02-01,19951,20172,19911,19991,388183,0.003010385831117457
2019-02-07,20069,20069,19809,19870,307297,-0.0060527237256765565
2019-02-08,19810,19891,19690,19710,314884,-0.00805234021137391
2019-02-11,19768,19808,19127,19188,906796,-0.026484018264840148
2019-02-12,19187,19367,18725,19268,599314,0.004169272461955309
2019-02-13,19369,19850,19168,19690,519566,0.021901598505293718
2019-02-14,19630,20272,19288,20172,849160,0.024479431183341838
2019-02-15,20371,20772,20171,20372,653634,0.009914733293674427
2019-02-18,20573,20673,20272,20473,355745,0.00495778519536616
2019-02-19,20370,20471,20070,20071,231131,-0.019635617642749015
2019-02-20,20172,20272,19770,20011,387109,-0.002989387673758115
2019-02-21,20029,20270,19829,19850,328444,-0.008045574933786437
2019-02-22,19971,20172,19830,19931,294247,0.004080604534004939
2019-02-25,19951,20031,19690,19730,370483,-0.010084792534243103
2019-02-26,19750,20774,19750,20774,1238902,0.05291434363912817
2019-02-27,20974,21175,20673,21075,551979,0.014489265427938713
2019-02-28,21075,21376,20774,20774,733261,-0.014282325029655984
2019-03-04,21174,21876,21074,21777,853038,0.048281505728314134
2019-03-05,21677,21677,21175,21376,472504,-0.01841392294622768
2019-03-06,21474,21675,20873,21175,298220,-0.009403068862275488
2019-03-07,21173,21474,20773,20974,330354,-0.00949232585596227
2019-03-08,21878,21978,21376,21577,792787,0.028749880804805894
2019-03-11,21675,21675,20973,21275,276026,-0.013996385039625525
2019-03-12,21376,21476,20774,20774,380777,-0.02354876615746182
2019-03-13,20873,21374,20773,20874,240466,0.004813709444497993
2019-03-14,21075,21577,20974,21376,444051,0.024049056242215094
2019-03-15,21376,21777,21376,21577,463768,0.009403068862275488
2019-03-18,21677,21777,21476,21577,197291,0.0
2019-03-19,21577,21777,20573,20573,605054,-0.04653102840988088
2019-03-20,20673,20774,20071,20473,492001,-0.004860739804598224
2019-03-21,20473,20874,20372,20573,230173,0.004884482000683921
2019-03-22,20672,20972,20672,20874,239614,0.014630826811840691
2019-03-25,20473,20874,20372,20473,171747,-0.019210501101849187
2019-03-26,20572,21173,20472,20874,257452,0.019586772822742127
2019-03-27,20974,20974,20473,20573,208707,-0.014419852448021464
2019-03-28,20473,20874,20473,20573,162966,0.0
2019-03-29,20673,20874,20573,20774,153823,0.009770087007242578
2019-04-01,20772,20872,20472,20673,216132,-0.004861846538942949
2019-04-02,20774,20874,20473,20774,227338,0.0048855995743239955
2019-04-03,20673,20874,20473,20573,294101,-0.009675555983440831
2019-04-04,20573,20673,20372,20573,261063,0.0
2019-04-05,20573,20673,20473,20573,132105,0.0
2019-04-08,20673,20774,20372,20473,203479,-0.004860739804598224
2019-04-09,20473,20473,20071,20172,383038,-0.014702290822058317
2019-04-10,20272,20673,20172,20573,263334,0.01987904025381715
2019-04-11,20673,20673,20372,20573,253796,0.0
2019-04-12,20573,20573,20372,20573,162349,0.0
2019-04-15,20874,22179,20673,22179,1228969,0.07806348126184814
2019-04-16,22780,23684,22580,23584,1744272,0.0633482122728708
2019-04-17,23483,23884,23182,23584,653103,0.0
2019-04-18,23883,23983,23282,23383,443925,-0.008522727272727293
2019-04-19,23481,23883,23081,23483,329620,0.004276611213274606
2019-04-22,23683,24184,23482,23684,457505,0.008559383383724306
2019-04-23,23782,23983,23282,23383,259471,-0.012709001857794333
2019-04-24,23583,23782,23181,23684,443136,0.012872599751956537
2019-04-25,23584,23684,23081,23283,292233,-0.016931261611214277
2019-04-26,23182,23584,22681,23082,366725,-0.008632908130395522
2019-04-29,23181,23984,22880,23985,512703,0.039121393293475526
2019-04-30,23884,24286,23784,24086,494890,0.004210965186574933
2019-05-02,24085,24989,23985,24688,742545,0.02499377231586819
2019-05-03,25289,25890,25188,25691,1098989,0.04062702527543749
2019-05-07,25290,26093,25290,25591,664716,-0.00389241368572657
2019-05-08,25390,26093,25189,25792,700167,0.00785432378570583
2019-05-09,26793,26793,25389,25390,1352763,-0.015586228287841175
2019-05-10,25792,26293,25591,26093,1006921,0.02768806616778252
2019-05-13,26193,26193,25491,25792,584824,-0.011535660905223621
2019-05-14,25491,27096,25390,26896,1360661,0.04280397022332516
2019-05-15,27195,27295,26092,26494,1241060,-0.014946460440214193
2019-05-16,26593,26894,26192,26795,558891,0.011361062882162098
2019-05-17,25892,25992,24888,24989,5222004,-0.06740063444672517
2019-05-20,25389,25790,25188,25390,899474,0.016047060706710914
2019-05-21,25388,25589,25088,25089,694961,-0.011855061047656545
2019-05-22,25188,25388,24386,25189,840648,0.003985810514568033
2019-05-23,25087,25489,24787,24888,425136,-0.011949660566120124
2019-05-24,24687,24887,24185,24888,766145,0.0
2019-05-27,25089,25390,24186,24487,550142,-0.01611218257794922
2019-05-28,24285,25089,24186,24688,565899,0.0082084371299056
2019-05-29,24587,24788,24186,24387,323116,-0.012192158133506159
2019-05-30,24487,25189,24487,24989,460680,0.024685283142658054
2019-05-31,24888,25290,24688,24989,325040,0.0
2019-06-03,24786,25187,24486,24587,316035,-0.016087078314458325
2019-06-04,24585,24886,23382,23985,847685,-0.02448448367023226
2019-06-05,24286,24387,23984,24186,307665,0.008380237648530242
2019-06-07,24086,24186,23584,24086,537162,-0.004134623335814158
2019-06-10,24085,25087,23884,24888,506951,0.0332973511583492
2019-06-11,24888,25088,24587,24989,244302,0.004058180649308962
2019-06-12,24987,25087,24586,24888,212619,-0.004041778382488315
2019-06-13,24887,25589,24787,25390,747390,0.02017036322725807
2019-06-14,25489,25689,24988,25089,357300,-0.011855061047656545
2019-06-17,25089,25089,24285,24387,349662,-0.027980389812268358
2019-06-18,24385,24686,24085,24286,344107,-0.004141550826259888
2019-06-19,24587,24587,24286,24487,178919,0.008276373219138655
2019-06-20,24487,24888,24085,24487,287954,0.0
2019-06-21,24988,25689,24887,25390,808423,0.03687671009106874
2019-06-24,25491,25691,25189,25290,306333,-0.003938558487593502
2019-06-25,25891,26291,25590,26193,956899,0.03570581257414007
2019-06-26,26291,26592,25891,25992,516097,-0.007673805978696602
2019-06-27,26293,26794,26093,26394,704159,0.01546629732225302
2019-06-28,26394,26695,26093,26394,362354,0.0
2019-07-01,26592,26693,25891,25992,433735,-0.015230734257785872
2019-07-02,25992,26394,25691,26394,264488,0.01546629732225302
2019-07-03,26392,26492,26092,26293,300667,-0.003826627263772031
2019-07-04,26292,26593,25991,26594,362634,0.011447913893431805
2019-07-05,26694,26894,26393,26795,458417,0.007558095811085241
2019-07-08,26793,26793,25690,25691,581000,-0.04120171673819739
2019-07-09,25791,26492,25690,26293,463640,0.023432330388073686
2019-07-10,26492,26492,25891,26293,312943,0.0
2019-07-11,26291,26693,26192,26193,525918,-0.0038032936523029193
2019-07-12,26293,26594,25992,26394,300566,0.007673805978696491
2019-07-15,26594,27297,26293,26695,783546,0.01140410699401384
2019-07-16,26795,26896,26494,26695,323628,0.0
2019-07-17,26492,26592,25991,26293,328637,-0.015058999812698981
2019-07-18,26193,26594,26193,26394,170819,0.0038413265888259662
2019-07-19,26493,27195,26393,27096,656218,0.02659695385314853
2019-07-22,26996,27297,26795,26896,408551,-0.007381163271331537
2019-07-23,26896,27397,26695,27297,469494,0.014909280190362972
2019-07-24,27297,27698,26896,27297,692256,0.0
2019-07-25,27295,27295,25690,26293,1295817,-0.03678059860057881
2019-07-26,25891,26492,25490,26293,701403,0.0
2019-07-29,26093,26494,25691,25892,368682,-0.015251207545734613
2019-07-30,25792,25992,25290,25290,467439,-0.023250424841649964
2019-07-31,25089,25691,24989,25491,294609,0.00794780545670215
2019-08-01,25289,25790,25188,25390,249194,-0.003962182731160002
2019-08-02,25290,26093,24788,25792,444403,0.015833005120126087
2019-08-05,25689,25890,24386,24587,597268,-0.04671991315136481
2019-08-06,23783,24989,23584,24487,714349,-0.004067189978443908
2019-08-07,24987,25087,24386,24788,424495,0.01229223669702284
2019-08-08,25691,25892,25189,25491,956084,0.02836049701468446
2019-08-09,25690,26693,25590,26494,780515,0.03934722058765838
2019-08-12,26695,26795,25992,26093,265084,-0.015135502377896848
2019-08-13,26093,26594,25892,26394,361927,0.011535660905223732
2019-08-14,26693,26693,25891,26193,338519,-0.00761536712889288
2019-08-16,25991,26091,25690,25992,300046,-0.007673805978696602
2019-08-19,26192,26392,25991,26193,222446,0.00773314866112651
2019-08-20,26292,26493,25991,26494,369383,0.011491619898446048
2019-08-21,26293,26695,26193,26394,284628,-0.0037744394957348604
2019-08-22,26394,27096,26394,26695,597184,0.01140410699401384
2019-08-23,26494,26795,26193,26695,414033,0.0
2019-08-26,26092,26693,25991,26594,374958,-0.0037834800524443324
2019-08-27,26795,27096,26695,26896,499775,0.011355944949988706
2019-08-28,26894,27094,26593,26795,255507,-0.0037552052349791865
2019-08-29,26695,26795,26293,26695,351957,-0.0037320395596193157
2019-08-30,26896,27197,26896,26996,402408,0.01127551976025476
2019-09-02,26895,27598,26795,27498,575791,0.018595347458882694
2019-09-03,27597,27696,27296,27598,291503,0.0036366281184085913
2019-09-04,27498,27899,27397,27799,431250,0.007283136459163675
2019-09-05,27696,27897,26995,27096,598646,-0.025288679448901008
2019-09-06,27096,27397,27096,27297,191271,0.007418069087688162
2019-09-09,27096,27197,26494,26695,673204,-0.022053705535406865
2019-09-10,26695,27197,26594,27197,310565,0.018805019666604306
2019-09-11,27197,27297,26695,26695,734465,-0.01845791815273745
2019-09-16,26994,27094,26292,26494,413424,-0.007529499906349546
2019-09-17,26493,26894,26493,26494,326141,0.0
2019-09-18,26695,27498,26695,27498,684630,0.03789537253717823
2019-09-19,27397,27598,27096,27197,242822,-0.010946250636409971
2019-09-20,27197,27197,26695,27197,358235,0.0
2019-09-23,27096,27397,26996,26996,207227,-0.007390521013347029
2019-09-24,27095,27697,26995,27698,466753,0.026003852422581186
2019-09-25,27598,27799,27297,27297,301919,-0.014477579608636049
2019-09-26,27496,27596,27095,27397,210766,0.0036634062351175167
2019-09-27,27397,27397,26996,27197,168760,-0.007300069350658855
2019-09-30,26996,27296,26896,27197,202006,0.0
2019-10-01,27296,27696,27296,27598,252319,0.014744273265433705
2019-10-02,27397,27498,27197,27197,152309,-0.014530038408580359
2019-10-04,26994,27295,26794,26795,238417,-0.014781042026694169
2019-10-07,26896,27096,26695,26996,344020,0.00750139951483475
2019-10-08,26996,27096,26795,26996,224907,0.0
2019-10-10,26694,27496,26593,27397,694345,0.01485405245221516
2019-10-11,27395,27596,26995,27096,238584,-0.01098660437274157
2019-10-14,27297,27397,26896,26996,317555,-0.003690581635665824
2019-10-15,27096,27096,26695,26896,190243,-0.003704252481849135
2019-10-16,26894,26994,25791,26494,753513,-0.014946460440214193
2019-10-17,26392,26592,25891,26193,618170,-0.011361062882161987
2019-10-18,26292,26793,26292,26594,332984,0.015309433818195606
2019-10-21,26593,26894,26292,26795,214102,0.007558095811085241
2019-10-22,26896,27297,26896,27297,337570,0.01873483858928915
2019-10-23,27297,28100,27197,28100,1045771,0.02941715206799289
2019-10-24,28200,28501,27898,28000,490092,-0.003558718861209953
2019-10-25,28100,28301,28000,28100,196552,0.0035714285714285587
2019-10-28,28501,29103,28000,28100,665988,0.0
2019-10-29,28401,28501,27698,28000,367213,-0.003558718861209953
2019-10-30,28198,28198,27597,27698,251362,-0.010785714285714287
2019-10-31,27899,28903,27799,28401,726151,0.025380893927359427
2019-11-01,28602,29304,28501,29204,717046,0.028273652336185284
2019-11-04,29405,29605,29204,29405,436509,0.006882618819339825
2019-11-05,29304,29906,29204,29806,502806,0.013637136541404526
2019-11-06,29906,30308,29706,30308,516744,0.016842246527544846
2019-11-07,30508,31010,29505,30308,1222184,0.0
2019-11-08,30507,31109,30307,30508,900774,0.006598917777484559
2019-11-11,30709,31111,30508,30910,509809,0.013176871640225407
2019-11-12,30910,31010,30508,30810,396292,-0.003235198964736341
2019-11-13,30609,30910,30308,30810,376959,0.0
2019-11-14,31009,31109,30507,31010,651414,0.006491398896462108
2019-11-15,31010,31211,30810,31211,281084,0.006481780070944909
2019-11-18,31210,31711,31210,31612,372362,0.012848034346864878
2019-11-19,31612,31612,31211,31412,323233,-0.006326711375427063
2019-11-20,31311,31913,31211,31412,332676,0.0
2019-11-21,31412,31512,30308,30910,666854,-0.01598115369922326
2019-11-22,30708,31209,30507,30709,335038,-0.006502749919120032
2019-11-25,30810,31412,30810,31412,300270,0.022892311700153156
2019-11-26,31511,31811,31411,31612,361401,0.006366993505666718
2019-11-27,31811,31911,31411,31612,294619,0.0
2019-11-28,31411,31610,31210,31512,218221,-0.0031633556877135316
2019-11-29,31311,31913,30810,31211,471253,-0.009551916730134558
2019-12-02,31311,31412,30810,31412,250192,0.00644003716638375
2019-12-03,31210,31511,30909,31512,235453,0.003183496752833248
2019-12-04,31310,31310,31009,31311,233141,-0.006378522467631376
2019-12-05,31211,31311,29806,30007,841460,-0.041646705630609016
2019-12-06,29906,30910,29906,30810,415390,0.026760422568067543
2019-12-09,30908,31008,30307,30408,267330,-0.013047711781889015
2019-12-10,30107,30408,29505,30007,516074,-0.013187319126545693
2019-12-11,30205,30205,29604,30107,480071,0.003332555736994758
2019-12-12,30308,30408,29905,30007,710378,-0.003321486697445808
2019-12-13,30207,30308,29806,30308,456822,0.010030992768353952
2019-12-16,30307,30506,30106,30408,297095,0.0032994588887422793
2019-12-17,30406,30506,30006,30207,275832,-0.006610102604577728
2019-12-18,30207,30508,30007,30308,252752,0.0033435958552654466
2019-12-19,30205,30306,29905,30107,175849,-0.00663191236637195
2019-12-20,30106,30707,30006,30107,545445,0.0
2019-12-23,30308,30308,29706,29806,283403,-0.009997674959311809
2019-12-24,29706,30107,29003,29405,367817,-0.013453667046903317
2019-12-26,29304,29706,29304,29706,320921,0.010236354361503164
2019-12-27,30007,30910,29906,30810,690548,0.03716420925065633
2019-12-30,30910,31111,30709,30810,428587,0.0
2020-01-02,30909,31010,30508,30609,241047,-0.006523855890944508
2020-01-03,30810,31111,30308,30609,314848,0.0
2020-01-06,30206,31109,30106,31010,393715,0.01310072200986645
2020-01-07,31110,32113,31009,32114,840186,0.035601418897129866
2020-01-08,31813,32516,31412,32014,851619,-0.0031139067073550075
2020-01-09,32816,33216,32615,32917,878319,0.02820640969575816
2020-01-10,33118,33419,32716,33118,401906,0.006106267278306099
2020-01-13,33217,33618,33117,33519,475667,0.012108219095356088
2020-01-14,33618,33818,33217,33519,423286,0.0
2020-01-15,33518,34220,33418,34121,462119,0.01795996300605629
2020-01-16,34120,34521,34120,34422,260049,0.008821546847982198
2020-01-17,34420,34621,33719,33820,354724,-0.017488815292545423
2020-01-20,33919,34119,33518,33820,380510,0.0
2020-01-21,33820,33921,32817,33118,389155,-0.020756948551153176
2020-01-22,33317,33919,33016,33318,504350,0.006039012017633905
2020-01-23,33718,33718,33016,33218,323420,-0.0030013806350921435
2020-01-28,32114,32817,32014,32616,513228,-0.018122704557769875
2020-01-29,33218,33318,32616,32817,255167,0.006162619573215622
2020-01-30,32716,33218,32215,32516,418908,-0.009172075448700356
2020-01-31,32614,32915,31812,31913,346067,-0.0185447164472875
2020-02-03,31311,32215,31311,32014,423907,0.0031648544480304963
2020-02-04,32414,33216,32214,33017,394773,0.03133004310614096
2020-02-05,33417,33517,32414,32716,456954,-0.009116515734318709
2020-02-06,33217,33718,32816,33318,552044,0.018400782491747147
2020-02-07,33519,34222,33318,33620,522100,0.009064169517978282
2020-02-10,33620,34021,33318,33921,375209,0.008953004164188094
2020-02-11,33920,34120,33719,34121,307120,0.005896052592789136
2020-02-12,34021,34523,33720,34523,407917,0.011781600773717038
2020-02-13,35025,36430,34824,35928,1877980,0.04069750601048572
2020-02-14,36329,37032,35928,36129,948085,0.00559452237808955
2020-02-17,36129,36530,35928,36229,329408,0.002767859614160262
2020-02-18,36229,36831,35928,36530,587253,0.00830826133760243
2020-02-19,36931,38236,36831,38136,1362998,0.04396386531617846
2020-02-20,38235,38435,37733,38236,547405,0.0026221942521502672
2020-02-21,37834,38435,37633,38035,558497,-0.005256826027827177
2020-02-24,37030,37331,36529,36831,792733,-0.03165505455501516
2020-02-25,36529,37331,36128,37232,596763,0.010887567538215182
2020-02-26,36830,37230,36429,36931,516378,-0.00808444348947146
2020-02-27,36929,37230,35425,35827,785062,-0.029893585334813566
2020-02-28,35025,35426,34222,34523,1022917,-0.036397130655650756
2020-03-02,35025,35426,34021,35125,793495,0.017437650262144055
2020-03-03,36229,36329,35125,35125,629017,0.0
2020-03-04,34923,36327,34923,36028,709188,0.025708185053380683
2020-03-05,36628,36729,35425,36028,821744,0.0
2020-03-06,35424,35825,34923,35225,568424,-0.02228822027312094
2020-03-09,34322,34422,33318,33620,805638,-0.04556422995031939
2020-03-10,33017,35025,32917,34724,950875,0.032837596668649605
2020-03-11,34523,35025,33519,33921,550227,-0.02312521598894135
2020-03-12,33519,33921,31813,32315,1218070,-0.047345302320096705
2020-03-13,30106,32413,29102,31913,1601985,-0.012440043323533989
2020-03-16,32514,32915,29604,29605,1252484,-0.07232162441638201
2020-03-17,28300,30205,28099,29605,1221046,0.0
2020-03-18,29806,30508,28200,28301,1107527,-0.04404661374767771
2020-03-19,29204,29505,25591,26896,2157141,-0.049644888873184745
2020-03-20,27698,30308,26996,30007,1765756,0.11566775728732903
2020-03-23,27697,29704,27597,28802,1569378,-0.040157296630786155
2020-03-24,30206,31109,29504,31010,1271387,0.07666134296229421
2020-03-25,32213,32614,30307,31010,1290376,0.0
2020-03-26,31109,31309,30106,30207,893688,-0.025894872621734955
2020-03-27,31412,31512,29906,30609,958988,0.013308173602145201
2020-03-30,30006,31008,29604,30709,668254,0.003267012970041394
2020-03-31,31111,31913,30508,31211,1042474,0.01634699925103389
2020-04-01,31309,31811,30106,30207,794295,-0.032168145846015794
2020-04-02,30507,31511,29905,31512,1043790,0.04320190684278469
2020-04-03,31811,31911,31110,31612,545749,0.003173394262503182
2020-04-06,31813,32315,31612,32215,807805,0.019075034796912638
2020-04-07,32815,33015,31812,32114,920798,-0.003135185472605939
2020-04-08,31913,32215,31713,31713,738303,-0.012486765896493779
2020-04-09,32315,32315,31612,31713,726920,0.0
2020-04-10,31813,32415,31512,32315,753323,0.018982751552990784
2020-04-13,32313,32313,31511,31612,470251,-0.021754603125483496
2020-04-14,32014,32215,31713,32014,430759,0.012716689864608277
2020-04-16,31912,33517,31812,33218,1005533,0.037608546261010734
2020-04-17,33921,34623,33620,34523,947794,0.03928592931543129
2020-04-20,34623,35928,34523,35125,859303,0.017437650262144055
2020-04-21,35424,35625,33819,35225,1232126,0.002846975088967918
2020-04-22,34923,35525,34421,35526,686146,0.008545067423704644
2020-04-23,36429,37431,36228,37232,1509799,0.04802116759556374
2020-04-24,37032,37835,36530,36731,1073684,-0.013456166738289643
2020-04-27,36730,37532,36429,36931,721963,0.005444991968636792
2020-04-28,37230,37431,36429,37132,668638,0.005442582112588301
2020-04-29,36930,37431,36629,36931,659512,-0.0054131207583755225
2020-05-04,36429,38134,36128,37433,1019409,0.013592916519996834
2020-05-06,37935,40143,37734,40043,2035947,0.06972457457323755
2020-05-07,40042,41646,39841,41347,2629709,0.032564992632919676
2020-05-08,41446,42148,40945,41347,1405404,0.0
2020-05-11,41547,42449,41447,41648,1048413,0.007279851017002459
2020-05-12,41948,43453,41346,43053,1563095,0.03373511333077217
2020-05-13,42451,43455,42451,43455,1113608,0.00933732840917001
2020-05-14,43354,45763,42953,45161,1459813,0.03925900356690826
2020-05-15,45861,46463,43353,44458,1524083,-0.015566528641969835
2020-05-18,44458,45261,43856,44358,744533,-0.0022493139592424383
2020-05-19,44456,44657,42952,44157,1308903,-0.004531313404571913
2020-05-20,44859,47066,44558,46465,1773960,0.05226804357180059
2020-05-21,47669,48172,47067,47670,1408737,0.02593349833207781
2020-05-22,47670,49878,47168,49577,1887064,0.040004195510803475
2020-05-25,50379,54193,49978,53792,2653776,0.0850192629646811
2020-05-26,54894,56098,52386,54193,3274293,0.007454640095181375
2020-05-27,52585,53589,51583,52286,2015974,-0.03518904655582822
2020-05-28,51683,54193,50681,53591,2495048,0.024958880006120232
2020-05-29,52887,53689,51683,52888,1645822,-0.013117874269933383
2020-06-01,52888,53390,52086,52989,1083698,0.0019096959612767694
2020-06-02,52688,52788,51584,52086,978846,-0.017041272716978972
2020-06-03,52084,52485,49676,50078,2302391,-0.03855162615674079
2020-06-04,49677,51584,49577,50982,1228950,0.01805183913095565
2020-06-05,50779,50879,49676,50379,1007264,-0.01182770389549248
2020-06-08,50680,51782,49877,51483,1417078,0.021913892693384174
2020-06-09,51283,52086,50681,51082,834862,-0.00778897888623431
2020-06-10,51482,52886,51482,52587,1575452,0.02946243295094164
2020-06-11,52988,53790,52386,53189,1724551,0.011447696198680246
2020-06-12,51482,53790,51382,53390,1688975,0.0037789768561169446
2020-06-15,53390,54394,50179,50681,1549230,-0.05073983892114631
2020-06-16,52285,52787,51783,52788,915456,0.04157376531639079
2020-06-17,52486,53790,51783,52788,1162204,0.0
2020-06-18,53088,53589,52285,52888,981144,0.0018943699325604246
2020-06-19,53689,54091,52586,52888,920126,0.0
2020-06-22,52888,55397,52286,54996,2008656,0.039857812736348475
2020-06-23,55999,58005,55597,56501,2166267,0.027365626591024705
2020-06-24,56500,57001,55196,56702,1081233,0.003557459160014931
2020-06-25,55897,56600,54895,55096,900258,-0.028323515925364195
2020-06-26,56098,56198,53791,55096,812726,0.0
2020-06-29,53990,54894,53389,53691,778818,-0.025500943807172938
2020-06-30,54592,54793,53690,53691,624089,0.0
2020-07-01,54494,55197,53691,54093,578023,0.007487288372352907
2020-07-02,54895,57303,54794,57304,1378545,0.05936073059360725
2020-07-03,58106,59610,57002,59010,1604493,0.029771045651263428
2020-07-06,59813,61720,59612,60315,1344851,0.022114895780376287
2020-07-07,61518,63825,61016,62322,1552820,0.03327530465058448
2020-07-08,62623,65835,61218,65835,1869663,0.056368537595070656
2020-07-09,67239,71353,66636,71354,2463503,0.08383078909394692
2020-07-10,70450,73861,69346,71354,2566935,0.0
2020-07-13,72057,72458,69247,70652,1391744,-0.009838271155085954
2020-07-14,68343,69546,68242,68845,1212519,-0.025576062956462642
2020-07-15,69044,70148,66636,67741,1487417,-0.01603602295010531
2020-07-16,66635,67338,64027,64630,1941508,-0.04592491991556069
2020-07-17,64027,65632,63024,65232,1268587,0.009314559801949507
2020-07-20,65232,65232,62222,62222,1534422,-0.046142997301937716
2020-07-21,64929,65431,62522,63426,1676630,0.019350069107389567
2020-07-22,62321,64528,61418,63827,1159298,0.006322328382682096
2020-07-23,63526,66136,63225,66136,1260435,0.03617591301486822
2020-07-24,65231,66836,64629,65132,907643,-0.015180839482278885
2020-07-27,64430,66136,64329,65534,603322,0.006172081311797584
2020-07-28,66638,67440,65935,66136,873063,0.009186071352275116
2020-07-29,66034,66837,65231,66537,618435,0.0060632635780815125
2020-07-30,67438,67639,66536,66637,615872,0.0015029231855960834
2020-07-31,67440,69046,67340,68946,1078837,0.03465041943664926
2020-08-03,69749,73462,69648,73462,1636803,0.06550053665187239
2020-08-04,75971,77075,72458,74265,1714642,0.010930821377038491
2020-08-05,73461,74464,72758,74365,1075879,0.0013465293206760265
2020-08-06,71955,74765,71755,73060,1848898,-0.017548577960061817
2020-08-07,73863,74265,70351,70853,1899111,-0.03020804817957845
2020-08-10,69448,71956,68544,71455,1086391,0.008496464511029922
2020-08-11,70550,71653,69748,70752,750285,-0.009838359806871422
2020-08-12,69948,71553,69748,71053,729434,0.004254296698326554
2020-08-13,72057,73261,71555,72358,1117859,0.018366571432592682
2020-08-14,72457,73460,71855,72759,825802,0.005541888941098527
2020-08-18,74565,78177,73762,75870,3032037,0.04275759699830939
2020-08-19,77173,77273,74665,75569,1359266,-0.003967312508237786
2020-08-20,75469,76874,72157,73161,1686740,-0.03186491815426962
2020-08-21,74265,74967,72659,74265,1021460,0.015090006970927217
2020-08-24,75168,76774,73763,76272,969648,0.027024843465966564
2020-08-25,77175,77275,75670,76473,887733,0.002635305223410933
2020-08-26,76372,79082,75870,78681,1351029,0.028872935545878997
2020-08-27,79584,82896,79483,82394,1981840,0.047190554263418116
2020-08-28,82994,83496,80285,81390,1506996,-0.012185353302424984
2020-08-31,82392,84399,80486,81691,1629751,0.003698243027398851
2020-09-01,82994,83496,80285,80587,1100736,-0.013514340625038201
2020-09-02,81390,82795,80587,82695,921655,0.026158065196619784
2020-09-03,83395,83496,81088,82293,739215,-0.004861237076002167
2020-09-04,78279,81189,78179,80688,1168529,-0.019503481462578853
2020-09-07,80587,80587,78480,78681,928939,-0.024873587150505694
2020-09-08,78980,79983,76371,78279,1020539,-0.005109238570938368
2020-09-09,76573,77878,76071,77075,935573,-0.015380881206964792
2020-09-10,78681,79584,77075,77376,936708,0.0039052870580602583
2020-09-11,76671,77073,75368,76071,792840,-0.016865694789081842
2020-09-14,75668,75868,74063,74967,830231,-0.014512757818353927
2020-09-15,74465,77275,74064,76473,860038,0.02008883908919934
2020-09-16,77075,77175,75670,75670,485743,-0.010500438063107187
2020-09-17,74965,75066,74063,74465,617702,-0.015924408616360464
2020-09-18,74064,75670,73462,74867,495271,0.005398509366816517
2020-09-21,74566,75068,73060,73161,530255,-0.022787075747659147
2020-09-22,72458,74064,70451,70853,880318,-0.03154686239936577
2020-09-23,71956,73663,70853,73362,930394,0.035411344614906914
2020-09-24,72458,72559,70451,70652,763638,-0.0369401052315913
2020-09-25,71453,71854,69547,70551,449701,-0.0014295419804110088
2020-09-28,71554,74664,71052,74064,674705,0.04979376621167675
2020-09-29,75168,75268,73060,73161,612054,-0.012192158133506159
2020-10-05,72357,74364,71855,74365,522228,0.016456855428438555
2020-10-06,74967,76974,74265,76573,765339,0.02969138707725416
2020-10-07,75869,76572,75468,76372,398285,-0.0026249461298368804
2020-10-08,76972,77675,76070,76071,624658,-0.003941235007594357
2020-10-12,76874,76874,74465,74566,471624,-0.019784149018679864
2020-10-13,75066,75668,74565,74666,302317,0.0013410937961000347
2020-10-14,74265,75268,73462,73964,333008,-0.009401869659550477
2020-10-15,73861,73962,72257,72659,422566,-0.017643718565788724
2020-10-16,72458,72659,71254,71756,400405,-0.01242791670680854
2020-10-19,71856,72759,70652,70853,362402,-0.012584313506884492
2020-10-20,69848,70852,68242,70752,759973,-0.0014254865707874487
2020-10-21,70451,72458,70451,70953,516282,0.0028409090909091717
2020-10-22,70551,70652,69347,70050,376380,-0.012726734598959899
2020-10-23,69947,70248,68242,68243,622592,-0.025795860099928625
2020-10-26,67641,68444,65835,66136,714722,-0.03087496153451641
2020-10-27,65132,68946,65132,67039,812610,0.0136536833192209
2020-10-28,67340,69548,67240,69548,629567,0.03742597592446195
2020-10-29,68644,69345,67941,68845,491546,-0.010108126761373404
2020-10-30,68843,69044,66235,66236,553748,-0.03789672452610937
2020-11-02,66335,67339,65834,67139,319856,0.013633069629808592
2020-11-03,67139,68043,66637,67541,403786,0.005987578009800654
2020-11-04,68343,72457,68242,72157,1431026,0.06834367273211828
2020-11-05,72057,73964,70853,72860,1061367,0.009742644511274046
2020-11-06,73662,76370,73361,74365,1315572,0.02065605270381554
2020-11-09,75268,75469,73763,74566,593735,0.002702884421434737
2020-11-10,71756,72559,71053,71455,1105100,-0.04172142799667411
2020-11-11,70550,71954,69748,71354,713843,-0.0014134770135050267
2020-11-12,72258,73161,71254,71756,555279,0.005633881772570515
2020-11-13,71254,73462,71254,73362,538206,0.02238140364568819
2020-11-16,74463,74564,72156,72659,557987,-0.009582617703988494
2020-11-17,71855,73259,71454,72659,452275,0.0
2020-11-18,72258,73964,72157,73362,484493,0.009675332718589669
2020-11-19,73763,74566,73362,73362,430120,0.0
2020-11-20,73562,73863,72659,73362,267266,0.0
2020-11-23,73964,74064,73261,73663,363196,0.0041029415773834454
2020-11-24,73562,75670,73562,74867,649755,0.016344704940064902
2020-11-25,75770,75770,73462,73663,703279,-0.016081851817222548
2020-11-26,73763,75168,73562,75068,539570,0.01907334754218537
2020-11-27,75369,75770,74465,74867,335836,-0.002677572334416789
2020-11-30,74865,75066,73862,73863,544990,-0.013410447860873309
2020-12-01,74164,75268,74064,75168,452723,0.0176678445229681
2020-12-02,75369,75369,74465,74867,440500,-0.004004363558961277
2020-12-03,74867,75068,74064,75068,464371,0.0026847609761309066
2020-12-04,75068,78781,74465,78179,1561745,0.041442425534182314
2020-12-07,79281,79281,76371,77275,894743,-0.011563207510968398
2020-12-08,77777,77878,75068,75168,768600,-0.02726625687479778
2020-12-09,75267,75868,74866,75268,579905,0.0013303533418476121
2020-12-10,74464,75868,73762,74365,818557,-0.011997130254557065
2020-12-11,75068,76272,74867,75168,438405,0.01079809049956304
2020-12-14,75567,76471,74766,74967,480288,-0.002674010217113665
2020-12-15,74965,75367,74063,74465,393157,-0.006696279696399743
2020-12-16,74966,75266,74464,74666,269253,0.0026992546834083697
2020-12-17,75066,75066,73963,74064,455131,-0.008062571987249911
2020-12-18,74064,74164,73362,73663,427433,-0.005414236336141687
2020-12-21,73663,76272,73663,76172,819879,0.03406051884935457
2020-12-22,76270,78177,75368,75469,876516,-0.009229113059917027
2020-12-23,76471,77374,75669,75770,629952,0.003988392585034806
2020-12-24,75971,76272,74666,75068,465132,-0.009264880559588184
2020-12-28,75168,75670,74164,74867,646464,-0.002677572334416789
2020-12-29,76472,77375,75869,77175,857404,0.03082800165627053
2020-12-30,77175,79082,76974,78179,813142,0.01300939423388403
2021-01-04,78680,79583,77375,79483,853740,0.016679671011397
2021-01-05,78880,79381,77676,78881,748559,-0.007573946630097028
2021-01-06,79282,82291,79181,79383,1435715,0.006364016683358509
2021-01-07,80687,80987,78880,80788,775191,0.017699003564995097
2021-01-08,82896,87512,81189,87111,2466715,0.07826657424369965
2021-01-11,88515,92929,86106,90924,3157747,0.04377173950476987
2021-01-12,89518,92327,86909,91827,1577872,0.009931371255114119
2021-01-13,92026,92729,90221,91225,806402,-0.006555806026549926
2021-01-14,91123,92929,90321,90623,802076,-0.006599068237873373
2021-01-15,90722,92127,87611,87813,995726,-0.031007580856956873
2021-01-18,87010,88616,85706,85806,839984,-0.022855385876806356
2021-01-19,85906,89218,85906,88315,583997,0.02924037946064373
2021-01-20,89921,90322,87713,89118,596340,0.00909245315065399
2021-01-21,90824,92530,90724,91125,679093,0.022520702888305433
2021-01-22,91525,95539,90823,92931,1162395,0.019818930041152205
2021-01-25,94738,95440,92329,95039,720170,0.022683496357512656
2021-01-26,96143,96143,92430,92530,812266,-0.026399688548911504
2021-01-27,92931,95741,92530,93333,719814,0.008678266508159505
2021-01-28,91125,94035,90724,91928,921812,-0.015053625191518538
2021-01-29,92329,92430,87512,88516,1070093,-0.037116003829083644
2021-02-01,87512,88917,85304,88616,910101,0.0011297392561797626
2021-02-02,90322,91727,89017,89419,662905,0.00906156901688182
2021-02-03,90422,92730,89720,92731,758097,0.03703910801954846
2021-02-04,92929,92929,90120,91225,516837,-0.016240523665225215
2021-02-05,91727,92530,89820,91326,408416,0.0011071526445600721
2021-02-08,91325,92729,90321,91727,516115,0.004390863499988962
2021-02-09,92329,93835,90824,92530,735565,0.008754238119637714
2021-02-10,93533,98449,93533,98250,1814483,0.0618177888252458
2021-02-15,100156,101360,98751,100759,1052548,0.025536895674300286
2021-02-16,101161,104172,100258,103168,1076048,0.023908534225230538
2021-02-17,103367,103367,100959,102164,562572,-0.009731699751861056
2021-02-18,101562,103770,100559,100559,466922,-0.01571003484593403
2021-02-19,99756,101562,98351,101161,695664,0.005986535267852755
2021-02-22,101360,102363,98350,98451,640993,-0.026788979942863334
2021-02-23,96645,98852,95741,97749,665417,-0.0071304506810494495
2021-02-24,97749,98853,94838,95039,667209,-0.02772406878842748
2021-02-25,95942,97247,95039,97247,562549,0.023232567682740735
2021-02-26,99854,100757,96443,97949,1617276,0.007218731683239499
2021-03-02,100157,101161,98351,98652,922034,0.007177204463547415
2021-03-03,98450,99353,97948,99053,528321,0.0040647934152373555
2021-03-04,97847,98349,96543,96745,694890,-0.023300657223910393
2021-03-05,94135,95137,92930,94537,712633,-0.022822884903612617
2021-03-08,94738,95240,91125,91125,681524,-0.036091688968340474
2021-03-09,90021,90623,87211,88516,1068670,-0.028631001371742126
2021-03-10,90823,93230,90120,92329,899669,0.043076957838130925
2021-03-11,92430,97247,91727,96143,928091,0.04130879788582131
2021-03-12,98148,98349,95740,96544,435063,0.004170870474189403
2021-03-15,96344,96745,94738,96143,345981,-0.004153546569439892
2021-03-16,96544,97347,95942,96143,270853,0.0
2021-03-17,96142,98549,95941,97347,403953,0.012523012595820893
2021-03-18,98049,101159,97547,99956,771697,0.02680103136203482
2021-03-19,98050,99755,97146,98853,516981,-0.01103485533634796
2021-03-22,98953,99654,97949,99154,315035,0.0030449252931119553
2021-03-23,99553,100958,97447,98451,379964,-0.007089981241301446
2021-03-24,97647,98751,96744,98752,288563,0.003057358482900119
2021-03-25,98349,98549,96744,97347,388531,-0.014227559948152946
2021-03-26,97948,99353,97547,99354,384547,0.020616968165428906
2021-03-29,99555,99655,97347,97849,349113,-0.015147855144231781
2021-03-30,98350,99754,98249,99053,311073,0.012304673527578247
2021-03-31,99153,101360,98550,99956,503036,0.009116331660828036
2021-04-01,100357,101159,98751,100157,412423,0.0020108847893072213
2021-04-02,101964,101964,100157,100559,298641,0.004013698493365414
2021-04-05,100959,101360,100357,100759,310400,0.00198888214878834
2021-04-06,101561,109389,101361,109189,1724958,0.08366498278069456
2021-04-07,109188,109188,105576,108788,820896,-0.0036725311157717044
2021-04-08,108185,112600,107181,109992,912514,0.011067397139390422
2021-04-09,111197,112602,110594,112000,788839,0.01825587315441113
2021-04-12,0,0,0,112000,0,0.0
2021-04-13,0,0,0,112000,0,0.0
2021-04-14,0,0,0,112000,0,0.0
2021-04-15,120500,132500,118000,120500,17115015,0.0758928571428572
2021-04-16,115500,120500,115500,119000,13709555,-0.012448132780082943
2021-04-19,119999,122000,117500,119000,5441693,0.0
2021-04-20,119000,120999,118000,119500,2952174,0.004201680672268893
2021-04-21,119500,119500,117000,118000,4461636,-0.012552301255230103
2021-04-22,118000,119500,117500,117500,2279180,-0.004237288135593209
2021-04-23,116500,118500,114500,117500,2473720,0.0
2021-04-26,118000,118000,117500,118000,1729458,0.004255319148936065
2021-04-27,118500,124500,118500,121500,5332544,0.029661016949152463
2021-04-28,121500,122000,119000,119500,2276272,-0.016460905349794275
2021-04-29,120000,120500,115500,117000,3445462,-0.02092050209205021
2021-04-30,117000,117000,113000,113500,4405688,-0.02991452991452992
2021-05-03,112500,116000,110000,114500,2832622,0.008810572687224738
2021-05-04,113500,116000,112000,115500,2228466,0.008733624454148492
2021-05-06,115000,117500,113500,115000,3234424,-0.0043290043290042934
2021-05-07,115500,117000,114000,114500,2040844,-0.004347826086956497
2021-05-10,115500,116500,114500,116000,1898994,0.013100436681222627
2021-05-11,115000,117000,114500,114500,1875600,-0.012931034482758674
2021-05-12,115000,115500,112000,113000,2558482,-0.013100436681222738
2021-05-13,109000,111000,108000,109500,4201490,-0.030973451327433676
2021-05-14,109500,111500,108000,109000,2276082,-0.004566210045662156
2021-05-17,109000,111000,109000,110500,1656454,0.013761467889908285
2021-05-18,111500,114500,111000,113000,1585701,0.02262443438914019
2021-05-20,112500,115500,112000,113500,2135101,0.004424778761061843
2021-05-21,116000,119000,114500,117000,3018548,0.03083700440528636
2021-05-24,116500,118000,115500,116500,1715308,-0.004273504273504258
2021-05-25,117000,118000,116000,118000,1777001,0.012875536480686733
2021-05-26,118500,120000,117500,119500,2308405,0.012711864406779627
2021-05-27,120000,125000,119500,125000,7398732,0.046025104602510414
2021-05-28,125000,125500,120500,122000,3685820,-0.02400000000000002
2021-05-31,122000,123000,120500,123000,2299358,0.008196721311475308
2021-06-01,123500,127000,123000,127000,3573808,0.03252032520325199
2021-06-02,128000,129500,126000,127000,2597446,0.0
2021-06-03,127500,128500,126000,126500,1737466,-0.003937007874015741
2021-06-04,126000,126000,123000,124000,2668254,-0.01976284584980237
2021-06-07,125000,127000,125000,126000,1905198,0.016129032258064502
2021-06-08,127000,128500,126500,128500,2248373,0.01984126984126977
2021-06-09,128500,130000,128500,129000,1936747,0.0038910505836575737
2021-06-10,130000,135000,129500,133500,5564011,0.03488372093023262
2021-06-11,134500,136500,132000,135500,3674400,0.014981273408239737
2021-06-14,136000,143000,136000,142500,6240394,0.05166051660516602
2021-06-15,143500,144500,140500,144500,4950329,0.01403508771929829
2021-06-16,144000,146000,142500,143000,4996272,-0.01038062283737029
2021-06-17,142000,149500,140500,148000,5408889,0.034965034965035
2021-06-18,150000,157500,149500,155000,7706345,0.04729729729729737
2021-06-21,155500,159500,152000,155000,8324948,0.0
2021-06-22,158000,159000,155500,159000,4662042,0.02580645161290329
2021-06-23,162500,170000,161000,169500,9078797,0.0660377358490567
2021-06-24,172000,173000,155500,157000,18408195,-0.07374631268436582
2021-06-25,155000,159500,150500,154500,12271446,-0.015923566878980888
2021-06-28,154500,157500,154000,155000,5141409,0.003236245954692629
2021-06-29,156000,158000,154500,158000,3938542,0.019354838709677358
2021-06-30,159000,165000,157500,163000,7305590,0.03164556962025311
2021-07-01,164000,165500,159500,160000,4630280,-0.018404907975460127
2021-07-02,158500,161500,156000,159500,4407703,-0.0031250000000000444
2021-07-05,160500,162000,156500,157000,4506967,-0.01567398119122254
2021-07-06,157500,159000,157000,157500,2045164,0.0031847133757962887
2021-07-07,158500,163500,158500,161000,4413394,0.022222222222222143
2021-07-08,161500,164500,161000,163000,4121257,0.012422360248447228
2021-07-09,161500,162000,158500,160500,3795528,-0.015337423312883458
2021-07-12,161000,162500,158000,162000,3248064,0.009345794392523255
2021-07-13,162500,163500,160500,161000,3859736,-0.006172839506172867
2021-07-14,161500,164500,161000,162000,3352019,0.006211180124223503
2021-07-15,162000,162000,158500,159500,3821843,-0.015432098765432056
2021-07-16,158500,159500,157000,157000,3423188,-0.01567398119122254
2021-07-19,155500,155500,154000,154000,3475792,-0.019108280254777066
2021-07-20,151500,153000,149000,152000,6652856,-0.012987012987012991
2021-07-21,153000,155500,144500,145000,10409836,-0.046052631578947345
2021-07-22,144500,148000,142500,147500,5759268,0.01724137931034475
2021-07-23,148500,153500,147500,149500,5249906,0.013559322033898313
2021-07-26,151500,153000,146500,147500,4071898,-0.013377926421404673
2021-07-27,147500,149000,145500,148000,3357695,0.003389830508474523
2021-07-28,147000,149500,146500,148000,2716816,0.0
2021-07-29,148500,149000,147500,148500,1766172,0.0033783783783782884
2021-07-30,149000,149500,147000,147000,2057332,-0.010101010101010055
2021-08-02,147000,148500,145000,146000,2172117,-0.006802721088435382
2021-08-03,146000,146500,143000,144000,2697098,-0.013698630136986356
2021-08-04,144500,150000,144000,149500,3136752,0.03819444444444442
2021-08-05,150000,151500,148500,149000,2254087,-0.0033444816053511683
2021-08-06,149500,149500,145000,145500,4155669,-0.023489932885906062
2021-08-09,145500,149000,144000,148000,3017396,0.01718213058419238
2021-08-10,148000,148500,144500,146500,2074409,-0.010135135135135087
2021-08-11,145500,147500,144000,144000,1754472,-0.017064846416382284
2021-08-12,146000,148000,144000,147500,2950088,0.02430555555555558
2021-08-13,147500,147500,144500,146000,2285992,-0.01016949152542368
2021-08-17,146000,147500,141000,142000,3322347,-0.0273972602739726
2021-08-18,142000,146500,141500,145500,2720552,0.02464788732394374
2021-08-19,144000,149000,144000,146500,2813914,0.0068728522336769515
2021-08-20,146500,149000,143000,144000,2776813,-0.017064846416382284
2021-08-23,146000,148500,144500,148500,2678395,0.03125
2021-08-24,150000,150500,148000,149000,2032632,0.0033670033670034627
2021-08-25,149000,153500,148500,151000,2900928,0.01342281879194629
2021-08-26,151500,152500,147500,149500,2360164,-0.009933774834437137
2021-08-27,149000,150000,147000,150000,1430634,0.0033444816053511683
2021-08-30,152000,153000,150500,151500,1628144,0.010000000000000009
2021-08-31,152500,155000,151000,155000,3078357,0.02310231023102305
2021-09-01,155000,156000,154000,154000,2011434,-0.006451612903225823
2021-09-02,154500,156000,153500,155000,1649156,0.006493506493506551
2021-09-03,155500,157500,154500,156500,1934669,0.00967741935483879
2021-09-06,156000,156500,152500,155500,1883428,-0.006389776357827448
2021-09-07,155500,156000,153500,154000,1072249,-0.009646302250803873
2021-09-08,151500,151500,136500,138500,16920382,-0.10064935064935066
2021-09-09,134000,134500,128000,128500,14534253,-0.07220216606498198
2021-09-10,127000,133500,126000,130000,9918050,0.011673151750972721
2021-09-13,126500,130000,122500,124500,8675498,-0.04230769230769227
2021-09-14,122500,126000,118000,124000,18895148,-0.004016064257028162
2021-09-15,123500,127500,122000,122500,9078817,-0.012096774193548376
2021-09-16,123000,125000,121000,121500,4770936,-0.008163265306122436
2021-09-17,121500,121500,118000,119500,4807631,-0.016460905349794275
2021-09-23,116500,118000,114000,115000,6314773,-0.03765690376569042
2021-09-24,116000,121000,116000,119500,5327603,0.03913043478260869
2021-09-27,120000,122500,119500,120000,3635942,0.004184100418409997
2021-09-28,120500,121500,117500,117500,3445583,-0.02083333333333337
2021-09-29,115000,117500,114500,116500,3172350,-0.008510638297872353
2021-09-30,115000,120500,114500,118000,4649917,0.012875536480686733
2021-10-01,118000,120000,116000,116500,2329103,-0.012711864406779627
2021-10-05,114500,116000,110500,111000,4885065,-0.047210300429184504
2021-10-06,112500,116000,112000,113000,4610915,0.018018018018018056
2021-10-07,115000,119500,115000,119500,5146917,0.05752212389380529
2021-10-08,121500,121500,117500,117500,3930836,-0.01673640167364021
2021-10-12,117000,118500,113000,113500,3810466,-0.03404255319148941
2021-10-13,114000,118500,114000,117000,2731883,0.03083700440528636
2021-10-14,118500,122000,118500,121500,3891958,0.03846153846153855
2021-10-15,123000,123500,120000,122000,2331425,0.004115226337448652
2021-10-18,123000,123000,120500,121500,1831322,-0.004098360655737654
2021-10-19,123000,127500,121500,127500,4075027,0.04938271604938271
2021-10-20,129500,130500,127000,128000,4959740,0.0039215686274509665
2021-10-21,128500,130000,127500,128000,2297507,0.0
2021-10-22,128000,129500,125500,127500,1985417,-0.00390625
2021-10-25,126500,127500,123500,126000,2309608,-0.0117647058823529
2021-10-26,126000,128000,126000,127500,1265299,0.011904761904761862
2021-10-27,128000,129000,126500,128500,1449071,0.007843137254901933
2021-10-28,129000,130000,125000,125500,1783396,-0.023346303501945553
2021-10-29,125500,126500,123000,125500,1891355,0.0
2021-11-01,126000,127000,125000,125500,1081519,0.0
2021-11-02,126000,128500,126000,128000,1642378,0.019920318725099584
2021-11-03,128000,128500,123500,124500,2937805,-0.02734375
2021-11-04,126000,130500,125500,130000,6001098,0.04417670682730934
2021-11-05,131000,131000,126500,128500,2810726,-0.011538461538461497
2021-11-08,128500,128500,123000,125000,4026899,-0.027237354085603127
2021-11-09,124500,127000,124500,125500,1990889,0.0040000000000000036
2021-11-10,125500,127500,123500,124000,1598893,-0.01195219123505975
2021-11-11,123000,125500,121500,125500,1955371,0.012096774193548487
2021-11-12,126000,128000,124500,127000,2100660,0.01195219123505975
2021-11-15,127000,129500,127000,129000,1714170,0.015748031496062964
2021-11-16,129000,130000,127000,127500,1591390,-0.011627906976744207
2021-11-17,128000,129000,125000,125000,1675657,-0.019607843137254943
2021-11-18,125000,126000,123000,124500,1543924,-0.0040000000000000036
2021-11-19,125000,127500,124500,127000,1512294,0.02008032128514059
2021-11-22,127000,129000,125500,128500,2213290,0.011811023622047223
2021-11-23,127500,128000,124000,124500,1981200,-0.0311284046692607
2021-11-24,124500,125500,123500,124500,1589036,0.0
2021-11-25,125000,128500,124500,128000,2906344,0.028112449799196693
2021-11-26,127500,128500,125000,125500,1679040,-0.01953125
2021-11-29,123000,125500,122000,123000,2031484,-0.019920318725099584
2021-11-30,124000,124500,121500,122000,3807209,-0.008130081300813052
2021-12-01,121500,123500,121000,122500,1482581,0.004098360655737654
2021-12-02,121500,123000,120000,122500,2028101,0.0
2021-12-03,122000,124000,121500,123500,1488902,0.008163265306122547
2021-12-06,122500,122500,120500,121000,1477396,-0.020242914979757054
2021-12-07,121500,122000,120000,120500,1218740,-0.004132231404958664
2021-12-08,121500,123500,120500,121000,2288195,0.004149377593360981
2021-12-09,120500,122500,120000,122500,2338843,0.012396694214876103
2021-12-10,122000,122500,121000,122500,974383,0.0
2021-12-13,123000,123000,120000,120000,1405089,-0.020408163265306145
2021-12-14,118500,119000,117000,118500,1718411,-0.012499999999999956
2021-12-15,117500,119000,117000,118500,1070223,0.0
2021-12-16,119500,120500,118500,119500,1168717,0.00843881856540074
2021-12-17,118000,119000,117500,117500,1265074,-0.01673640167364021
2021-12-20,116500,117000,113000,113000,2989796,-0.03829787234042559
2021-12-21,112500,115000,112500,114500,1366889,0.01327433628318575
2021-12-22,115000,115500,113500,114500,1036505,0.0
2021-12-23,114500,115000,113000,113000,1113550,-0.013100436681222738
2021-12-24,113000,115000,112500,114500,1484508,0.01327433628318575
2021-12-27,114000,114500,113000,113000,1116701,-0.013100436681222738
2021-12-28,113000,114000,113000,113500,2370856,0.004424778761061843
2021-12-29,115500,117500,114000,114000,1791503,0.004405286343612369
2021-12-30,114000,114500,112500,112500,1223078,-0.013157894736842146
2022-01-03,113500,117000,113000,114500,1846049,0.01777777777777767
2022-01-04,114000,114500,111000,111500,2396207,-0.026200873362445365
2022-01-05,111000,111000,105000,105500,5108428,-0.053811659192825156
2022-01-06,102500,103000,99900,100000,7120428,-0.05213270142180093
2022-01-07,100000,101500,99800,100000,3962672,0.0
2022-01-10,100000,100500,95200,96600,5377749,-0.03400000000000003
2022-01-11,96000,97200,94500,95000,4382380,-0.0165631469979296
2022-01-12,96100,98600,96100,97200,3354459,0.023157894736842044
2022-01-13,97500,98200,96200,96700,2519096,-0.005144032921810648
2022-01-14,95200,95300,93600,93900,2685014,-0.028955532574974185
2022-01-17,92900,94300,92000,92900,2589273,-0.010649627263045747
2022-01-18,92900,94400,92000,92000,1650829,-0.009687836383207804
2022-01-19,88400,90400,87300,90400,4587643,-0.017391304347826098
2022-01-20,90800,92700,88800,92300,3004684,0.02101769911504414
2022-01-21,91100,94100,90600,91800,2954607,-0.005417118093174467
2022-01-24,90900,92100,89700,90000,2021697,-0.019607843137254943
2022-01-25,90300,90700,87500,87600,2844579,-0.026666666666666616
2022-01-26,87300,88600,86600,86900,2204197,-0.007990867579908634
2022-01-27,87000,87500,82600,82600,3793749,-0.04948216340621403
2022-01-28,82800,85600,82200,85000,2958280,0.029055690072639306
2022-02-03,87100,88300,85100,85100,3118696,0.0011764705882353343
2022-02-04,85100,87500,84500,87100,1870626,0.023501762632197387
2022-02-07,87300,88000,85000,88000,2224116,0.010332950631458004
2022-02-08,88000,89200,86000,86500,2030457,-0.017045454545454586
2022-02-09,86900,87300,85700,86100,1640629,-0.0046242774566473965
2022-02-10,86900,89400,86000,87300,3401352,0.013937282229965264
2022-02-11,87300,93600,85300,91700,7012496,0.05040091638029787
2022-02-14,90300,90800,87500,88800,4002853,-0.031624863685932425
2022-02-15,89200,91000,87900,88300,2250253,-0.005630630630630629
2022-02-16,90200,92100,89600,91900,2468864,0.040770101925254876
2022-02-17,91900,92100,89200,90600,2851978,-0.014145810663764968
2022-02-18,89200,92500,88700,91400,2232912,0.008830022075055233
2022-02-21,90100,94500,89900,93200,2855108,0.01969365426695835
2022-02-22,91700,93200,91200,91800,1904605,-0.015021459227467782
2022-02-23,92500,93800,91900,92600,1738804,0.008714596949890963
2022-02-24,91100,91800,89300,90000,2176721,-0.02807775377969768
2022-02-25,92100,95000,91800,94400,3690345,0.04888888888888898
2022-02-28,94100,94900,93100,94100,2175339,-0.0031779661016949623
2022-03-02,94400,95700,93900,95300,2173330,0.012752391073326264
2022-03-03,96100,97300,95300,96600,1738057,0.01364113326337879
2022-03-04,96200,96300,94500,94700,1539472,-0.019668737060041352
2022-03-07,93400,93500,91600,91600,1950179,-0.032734952481520585
2022-03-08,90000,94000,89600,92100,1774311,0.005458515283842891
2022-03-10,94400,100000,94300,100000,5742398,0.08577633007600438
2022-03-11,100000,102000,98400,101500,3160552,0.014999999999999902
2022-03-14,102500,105000,102000,103500,3656814,0.019704433497536922
2022-03-15,103500,104500,101000,103000,1778162,-0.004830917874396157
2022-03-16,105000,105500,102000,104000,1763654,0.009708737864077666
2022-03-17,106000,109000,105500,106500,3504355,0.024038461538461453
2022-03-18,107500,109000,106000,108500,2993197,0.018779342723004744
2022-03-21,108500,110000,104000,105000,3284518,-0.032258064516129004
2022-03-22,104500,108000,104500,106500,2052237,0.014285714285714235
2022-03-23,107500,108500,104500,106500,2310401,0.0
2022-03-24,105000,105500,103000,105000,2071398,-0.014084507042253502
2022-03-25,106000,107000,104000,105000,1944089,0.0
2022-03-28,105000,105500,102500,105000,1534357,0.0
2022-03-29,106000,106500,104500,105500,1318977,0.004761904761904745
2022-03-30,107000,108000,106000,106500,1115413,0.009478672985782088
2022-03-31,106000,107500,105500,106500,1065806,0.0
2022-04-01,105500,106500,105000,106000,1163804,-0.0046948356807511304
2022-04-04,105500,106000,104000,105500,1276251,-0.004716981132075526
2022-04-05,106500,108000,106000,107500,1617662,0.018957345971563955
2022-04-06,105500,106500,104000,105000,1529617,-0.023255813953488413
2022-04-07,103000,103500,99900,99900,2885845,-0.0485714285714286
2022-04-08,100000,100500,96500,98000,2929790,-0.019019019019019034
2022-04-11,97100,97100,94600,95100,2061220,-0.0295918367346939
2022-04-12,93400,95100,92100,94100,1909946,-0.01051524710830709
2022-04-13,95000,96200,94600,95800,1403239,0.018065887353878818
2022-04-14,96400,96500,94500,96100,1299995,0.0031315240083507057
2022-04-15,95000,96700,93700,95400,1080260,-0.007284079084287187
2022-04-18,94500,94900,94000,94400,774064,-0.010482180293501009
2022-04-19,95000,96500,94900,95100,836819,0.00741525423728806
2022-04-20,96100,96200,94600,95100,880905,0.0
2022-04-21,95100,95100,93100,93600,1809576,-0.01577287066246058
2022-04-22,92200,92400,91400,92000,1553904,-0.017094017094017144
2022-04-25,90400,91600,89600,89700,1511408,-0.025000000000000022
2022-04-26,89800,91700,89700,90200,1368258,0.00557413600891854
2022-04-27,87600,88900,87600,88400,1390581,-0.019955654101995512
2022-04-28,89700,89800,88100,89300,1216554,0.010180995475113086
2022-04-29,89300,90400,88700,89900,1110597,0.006718924972004547
2022-05-02,88400,88900,87000,87300,1726505,-0.028921023359288145
2022-05-03,87300,89200,87000,88500,1435047,0.013745704467353903
2022-05-04,88600,91900,88300,89000,1865993,0.005649717514124353
2022-05-06,86500,86600,84100,84300,3592237,-0.05280898876404494
2022-05-09,84000,85000,82800,84100,1533542,-0.0023724792408066353
2022-05-10,82000,84300,81900,83600,2390050,-0.005945303210463715
2022-05-11,83800,85400,83300,85400,1367542,0.021531100478468845
2022-05-12,83700,84000,80600,80700,2971934,-0.05503512880562056
2022-05-13,80700,81900,80300,81800,1528530,0.013630731102850069
2022-05-16,83300,84300,82100,82300,1598561,0.006112469437652868
2022-05-17,82300,83400,82100,83200,1218935,0.010935601458080146
2022-05-18,83700,84000,82500,82600,1208755,-0.007211538461538436
2022-05-19,80500,81000,80000,80400,1519533,-0.0266343825665859
2022-05-20,80800,83300,80400,83000,1561541,0.03233830845771135
2022-05-23,82700,83500,82400,82900,933750,-0.001204819277108471
2022-05-24,82500,82600,80600,80600,1154150,-0.027744270205066313
2022-05-25,81000,82000,80300,81800,1365261,0.014888337468982549
2022-05-26,81900,83300,81000,81500,1338305,-0.003667481662591676
2022-05-27,82400,83000,81500,81700,1038755,0.0024539877300613355
2022-05-30,82800,84000,82600,83900,2091429,0.02692778457772338
2022-05-31,84100,85000,82900,85000,2170810,0.013110846245530494
2022-06-02,84000,84200,82900,83700,1147185,-0.015294117647058791
2022-06-03,84800,87400,84700,85700,2371620,0.0238948626045401
2022-06-07,84500,84800,81600,81900,2373935,-0.04434072345390894
2022-06-08,82700,82800,81200,81500,1317967,-0.004884004884004867
2022-06-09,81100,81800,80300,81300,1732196,-0.0024539877300613355
2022-06-10,80400,81000,80000,80100,1430382,-0.014760147601476037
2022-06-13,77800,78200,76100,76500,2176053,-0.0449438202247191
2022-06-14,74900,76900,74200,76600,2342617,0.0013071895424836555
2022-06-15,76100,76500,72100,72700,2844798,-0.050913838120104415
2022-06-16,74400,75200,71900,72300,2053257,-0.005502063273727598
2022-06-17,70200,73000,70200,72200,3044377,-0.0013831258644536604
2022-06-20,72300,72900,68700,69600,2436471,-0.03601108033240996
2022-06-21,69600,70700,69200,70500,1525415,0.012931034482758674
2022-06-22,70900,71000,68500,68500,1908000,-0.028368794326241176
2022-06-23,68300,69300,66700,67100,2005224,-0.020437956204379604
2022-06-24,67400,71500,67400,71500,2331632,0.06557377049180335
2022-06-27,72400,72900,70600,71800,1470633,0.00419580419580412
2022-06-28,71600,72300,70600,71600,1082711,-0.0027855153203342198
2022-06-29,70100,71300,69700,70800,1185471,-0.011173184357541888
2022-06-30,70400,71100,69900,69900,1339031,-0.012711864406779627
2022-07-01,70000,70300,66600,67300,1817276,-0.03719599427753939
2022-07-04,67300,69000,66200,68100,1019171,0.011887072808320909
2022-07-05,68700,72500,68300,72000,2125688,0.05726872246696035
2022-07-06,71300,75000,71200,73500,2724220,0.02083333333333326
2022-07-07,74500,74900,72700,73000,1603464,-0.006802721088435382
2022-07-08,73900,73900,71800,71800,1418763,-0.016438356164383605
2022-07-11,71900,72800,71100,71300,979002,-0.0069637883008356605
2022-07-12,70700,71000,69400,70300,1082539,-0.014025245441795287
2022-07-13,70100,72200,70100,71900,1156844,0.022759601706970223
2022-07-14,71000,73400,70400,72100,1597400,0.0027816411682892728
2022-07-15,72100,72200,69400,70100,1605289,-0.0277392510402219
2022-07-18,71100,73200,70600,72800,1690739,0.03851640513552068
2022-07-19,72000,73200,71600,72800,949001,0.0
2022-07-20,74700,75600,73100,73400,1758524,0.008241758241758212
2022-07-21,73900,75000,73500,73700,1244024,0.004087193460490468
2022-07-22,73500,73600,71600,72100,1601677,-0.02170963364993217
2022-07-25,71600,73100,71400,73000,1038303,0.012482662968099856
2022-07-26,72600,72900,71800,72400,696076,-0.008219178082191747
2022-07-27,72500,72600,71200,71900,924477,-0.006906077348066253
2022-07-28,73000,74200,72100,72400,1226484,0.006954102920723182
2022-07-29,73200,75400,73200,74800,2164565,0.03314917127071815
2022-08-01,74800,75200,74000,74000,907903,-0.010695187165775444
2022-08-02,73800,73800,71600,71800,1786920,-0.02972972972972976
2022-08-03,71900,76100,71500,76000,2893725,0.058495821727019504
2022-08-04,77000,81700,76800,81700,5803458,0.07499999999999996
2022-08-05,82000,83100,80700,81200,2511627,-0.006119951040391647
2022-08-08,80600,82000,80100,82000,1674063,0.009852216748768461
2022-08-09,81800,83800,81500,83200,1541966,0.014634146341463428
2022-08-10,82300,82800,80300,80300,1428961,-0.034855769230769273
2022-08-11,82600,84300,82400,83700,1918391,0.04234122042341215
2022-08-12,83000,83200,81700,82500,1069578,-0.014336917562724039
2022-08-16,83000,83200,80500,80700,1798225,-0.021818181818181848
2022-08-17,80800,81200,79600,80100,1041971,-0.0074349442379182396
2022-08-18,79400,79600,77500,79200,1640906,-0.011235955056179803
2022-08-19,78300,78800,76400,76700,1804047,-0.031565656565656575
2022-08-22,75600,76300,74600,75000,1250643,-0.022164276401564487
2022-08-23,74800,75800,74200,74800,1327312,-0.002666666666666706
2022-08-24,74900,75500,74200,74900,936191,0.0013368983957218195
2022-08-25,75400,76800,75000,76100,1252757,0.01602136181575431
2022-08-26,76700,77200,75500,76000,993727,-0.0013140604467805073
2022-08-29,72800,73400,71800,72200,1632297,-0.050000000000000044
2022-08-30,72500,73500,72500,73200,802825,0.013850415512465464
2022-08-31,72300,73700,71800,73400,1348480,0.002732240437158362
2022-09-01,72300,72500,71200,71400,1275977,-0.027247956403269713
2022-09-02,72100,72200,70000,70200,1201760,-0.01680672268907568
2022-09-05,69800,70800,69400,70000,865940,-0.002849002849002802
2022-09-06,70000,70600,69500,69700,744418,-0.004285714285714337
2022-09-07,69100,69200,67000,67500,1793068,-0.031563845050215256
2022-09-08,68500,69200,67600,68000,1169203,0.007407407407407307
2022-09-13,69100,70800,69100,70000,2103796,0.02941176470588225
2022-09-14,67000,68500,66500,68100,1827706,-0.027142857142857135
2022-09-15,68600,69000,67400,67400,984996,-0.01027900146842875
2022-09-16,66700,67700,66300,66900,922538,-0.007418397626112738
2022-09-19,67100,67300,65400,65400,1132357,-0.022421524663677084
2022-09-20,66400,66600,65300,65300,854697,-0.001529051987767538
2022-09-21,64900,65300,63600,64000,1056852,-0.019908116385911168
2022-09-22,62700,62800,61100,61300,1743099,-0.042187500000000044
2022-09-23,61300,61800,60900,61000,1660303,-0.004893964110929905
2022-09-26,60100,61000,59200,59700,1983320,-0.021311475409836023
2022-09-27,59500,60300,57800,59300,1807942,-0.00670016750418756
2022-09-28,58600,58800,56100,56900,2387527,-0.0404721753794266
2022-09-29,57700,59000,55800,55900,2212133,-0.017574692442882234
2022-09-30,55200,58000,55000,57100,1882206,0.02146690518783534
2022-10-04,57700,58100,55100,55900,2220578,-0.021015761821365997
2022-10-05,56700,57100,54300,54500,2107661,-0.025044722719141377
2022-10-06,54600,55700,53900,54800,2123384,0.005504587155963359
2022-10-07,54300,54800,50500,50900,4265238,-0.07116788321167888
2022-10-11,49350,50400,48800,50100,2430880,-0.015717092337917515
2022-10-12,49850,50300,49000,49850,2106857,-0.004990019960079861
2022-10-13,49400,49500,47300,47300,2538948,-0.051153460381143434
2022-10-14,49050,51500,49050,51400,3872919,0.08668076109936584
2022-10-17,48000,49150,46500,48350,9711382,-0.05933852140077822
2022-10-18,48900,50200,48400,49400,6284583,0.02171664943123064
2022-10-19,49800,52200,49400,49800,4540597,0.00809716599190291
2022-10-20,49800,49800,47300,47750,4240904,-0.04116465863453811
2022-10-21,47650,49650,47050,48850,3354625,0.023036649214659644
2022-10-24,50000,50600,48300,48450,2848346,-0.008188331627430934
2022-10-25,48800,49550,48550,48800,1910362,0.007223942208462342
2022-10-26,48950,48950,47650,47700,2149830,-0.02254098360655743
2022-10-27,47700,48850,47200,48750,2442155,0.022012578616352307
2022-10-28,48200,49450,47800,48750,1867478,0.0
2022-10-31,49600,50700,48700,50700,3130880,0.040000000000000036
2022-11-01,50400,50800,49650,50700,1653708,0.0
2022-11-02,50100,53100,49700,52300,4937758,0.03155818540433919
2022-11-03,50800,51200,49700,50100,3572826,-0.042065009560229405
2022-11-04,49500,50600,48950,50300,3242294,0.003992015968063978
2022-11-07,50500,50700,49700,49850,2527175,-0.008946322067594381
2022-11-08,50200,51600,50000,51500,4457042,0.033099297893681046
2022-11-09,52000,53800,51700,52100,4005676,0.011650485436893288
2022-11-10,51300,51800,50700,50800,2284351,-0.0249520153550864
2022-11-11,54500,61000,53600,58700,17375821,0.155511811023622
2022-11-14,59300,60200,58000,58500,5392366,-0.0034071550255536653
2022-11-15,58500,58900,57300,58700,2373778,0.0034188034188034067
2022-11-16,59700,59900,57800,58600,2451864,-0.0017035775127768327
2022-11-17,58000,59200,57600,59100,1744238,0.008532423208191142
2022-11-18,58900,59200,57600,57700,1742383,-0.02368866328257191
2022-11-21,57500,58300,56000,56300,1765878,-0.024263431542461023
2022-11-22,55900,56100,54100,54300,1793196,-0.035523978685612745
2022-11-23,56300,57700,55400,55700,2551968,0.025782688766114115
2022-11-24,56200,58000,56000,57400,1816392,0.030520646319569078
2022-11-25,56200,57300,55600,56100,1322780,-0.022648083623693416
2022-11-28,55800,55800,54500,54600,1365592,-0.0267379679144385
2022-11-29,54200,56200,54100,55900,1358761,0.023809523809523725
2022-11-30,55600,56400,55100,56400,1825885,0.008944543828264706
2022-12-01,59200,59600,57700,57900,2895695,0.02659574468085113
2022-12-02,57900,58300,56900,56900,1165966,-0.01727115716753025
2022-12-05,57200,59000,57200,58000,2050445,0.019332161687170446
2022-12-06,57300,57900,56000,56000,1380887,-0.03448275862068961
2022-12-07,55700,56600,55400,55500,1014142,-0.008928571428571397
2022-12-08,55900,56100,54900,55500,1376893,0.0
2022-12-09,56100,58200,56000,58100,2404261,0.04684684684684681
2022-12-12,57700,58700,57000,58100,1402888,0.0
2022-12-13,59000,59700,57700,58200,1532110,0.001721170395869276
2022-12-14,58800,59500,58300,58700,1550967,0.00859106529209619
2022-12-15,57900,58000,55300,55300,3034680,-0.05792163543441231
2022-12-16,53500,54900,53100,54400,2477820,-0.016274864376130238
2022-12-19,53900,56400,53900,55800,1364858,0.025735294117646967
2022-12-20,55300,55700,53900,54300,1390754,-0.026881720430107503
2022-12-21,54900,55200,53700,54200,980179,-0.0018416206261510082
2022-12-22,55000,55700,54100,55100,1228266,0.016605166051660625
2022-12-23,54000,54300,53100,53400,1339673,-0.030852994555353952
2022-12-26,53400,53800,52700,53600,988777,0.0037453183520599342
2022-12-27,53900,54700,53600,54400,1226474,0.014925373134328401
2022-12-28,53900,54700,52900,53600,1268005,-0.014705882352941124
2022-12-29,53500,55300,52900,53100,1319611,-0.009328358208955279
2023-01-02,53600,53800,52400,52700,887667,-0.007532956685499026
2023-01-03,52400,53500,51400,53300,1420569,0.011385199240986799
2023-01-04,53200,56000,53100,55700,2241411,0.045028142589118136
2023-01-05,55800,58200,55700,57700,3046064,0.03590664272890476
2023-01-06,57200,58000,56500,57200,1420345,-0.008665511265164683
2023-01-09,58700,61200,58300,61100,3482961,0.06818181818181812
2023-01-10,60700,61700,60400,60700,2178323,-0.006546644844517169
2023-01-11,61700,62500,60800,61900,2544430,0.01976935749588149
2023-01-12,63000,63400,61100,61500,2197974,-0.00646203554119551
2023-01-13,62100,63000,61500,62000,2248562,0.008130081300812941
2023-01-16,62300,65000,62000,64500,2989321,0.040322580645161255
2023-01-17,64500,64500,61400,61800,3194397,-0.041860465116279055
2023-01-18,61500,62500,61100,61600,1650067,-0.003236245954692518
2023-01-19,61100,61400,60200,60800,1687361,-0.012987012987012991
2023-01-20,60500,61900,60500,61200,1376217,0.006578947368421018
2023-01-25,62500,63800,62100,62600,2018473,0.02287581699346397
2023-01-26,62800,63700,61700,63700,1658008,0.01757188498402562
2023-01-27,64000,65500,63400,64700,2588030,0.01569858712715866
2023-01-30,64800,65400,63200,63500,1888795,-0.018547140649149974
2023-01-31,62700,63500,61200,61400,2394547,-0.03307086614173227
2023-02-01,62000,62900,61400,62200,1582425,0.013029315960912058
2023-02-02,64400,65200,63700,64500,2936610,0.036977491961414755
2023-02-03,64900,67500,64500,67200,5019685,0.041860465116279055
2023-02-06,66500,67100,65200,65200,2276799,-0.029761904761904767
2023-02-07,65300,68800,64900,68000,3026310,0.042944785276073594
2023-02-08,68500,69900,68200,69100,3109216,0.016176470588235237
2023-02-09,67900,71300,67100,70900,3602387,0.026049204052098318
2023-02-10,69200,70200,66300,67600,5370780,-0.046544428772919644
2023-02-13,66700,66800,64200,64300,4298565,-0.04881656804733725
2023-02-14,65400,66400,64800,65000,2249182,0.010886469673405896
2023-02-15,64600,64700,62600,63600,2984239,-0.021538461538461506
2023-02-16,64400,65200,63500,64200,2542941,0.009433962264151052
2023-02-17,63000,64400,62400,63300,1584836,-0.014018691588784993
2023-02-20,63400,64500,62800,64200,1424392,0.014218009478673022
2023-02-21,64500,64700,63000,63100,1644407,-0.01713395638629278
2023-02-22,61900,63000,61500,62200,1904538,-0.014263074484944571
2023-02-23,62600,63200,62200,62500,1217488,0.004823151125401992
2023-02-24,62500,62900,61600,61800,1339514,-0.011199999999999988
2023-02-27,61400,62200,61000,61900,1407458,0.0016181229773462036
2023-02-28,62000,63400,61900,62400,1870108,0.008077544426494443
2023-03-02,62200,62400,60800,61200,1842975,-0.019230769230769273
2023-03-03,61600,62200,60900,61000,1250945,-0.0032679738562091387
2023-03-06,61200,63800,61100,63600,2768767,0.042622950819672045
2023-03-07,63000,63100,61400,61500,2322926,-0.03301886792452835
2023-03-08,61200,61200,59000,59100,2935338,-0.039024390243902474
2023-03-09,59700,60600,58900,59000,1949722,-0.0016920473773265332
2023-03-10,57900,58400,57500,58100,2009728,-0.015254237288135575
2023-03-13,60300,62400,58800,60800,5720123,0.04647160068846823
2023-03-14,60600,61100,59200,59400,2192551,-0.023026315789473673
2023-03-15,60600,60800,58800,59300,1885060,-0.0016835016835017313
2023-03-16,58400,60300,58100,59900,1976894,0.010118043844856706
2023-03-17,60600,61200,59800,60200,1658486,0.005008347245408995
2023-03-20,60200,62000,60200,61000,2051491,0.013289036544850585
2023-03-21,61400,61700,60500,60900,1093952,-0.0016393442622950616
2023-03-22,61700,62900,61300,62700,2243729,0.029556650246305383
2023-03-23,61800,62000,60800,61600,1685484,-0.01754385964912286
2023-03-24,61600,61900,60900,61400,1323550,-0.0032467532467532756
2023-03-27,61500,61800,59800,60700,1490567,-0.01140065146579805
2023-03-28,60600,61000,59900,60700,1326335,0.0
2023-03-29,60800,61400,60100,60400,1144119,-0.0049423393739703725
2023-03-30,60800,60900,59900,60100,1707493,-0.004966887417218513
2023-03-31,60600,61200,60000,61100,1745559,0.016638935108153063
2023-04-03,61400,61600,59900,60200,1683150,-0.014729950900163713
2023-04-04,60200,60800,59800,60700,1380518,0.008305647840531671
2023-04-05,60500,61200,60200,60500,1227329,-0.0032948929159802853
2023-04-06,60100,60100,58500,58600,2659408,-0.031404958677686
2023-04-07,58600,59200,58100,58600,1650319,0.0
2023-04-10,58300,58400,57100,58100,2103339,-0.008532423208191142
2023-04-11,58100,60000,57500,59300,2184527,0.0206540447504302
2023-04-12,59200,59300,58500,58700,1486194,-0.010118043844856706
2023-04-13,58500,59600,58400,59500,1591961,0.013628620102214661
2023-04-14,60100,61000,59400,60500,2464952,0.01680672268907557
2023-04-17,60200,60700,59600,60100,1450046,-0.006611570247933907
2023-04-18,60200,60800,58900,59000,1731564,-0.01830282861896837
2023-04-19,59000,59100,58500,58600,1086274,-0.006779661016949157
2023-04-20,58500,58700,57800,57900,1342600,-0.011945392491467532
2023-04-21,57700,58200,57200,57900,1212125,0.0
2023-04-24,57300,57800,57100,57200,961915,-0.012089810017271163
2023-04-25,57000,57900,55700,56000,1791028,-0.020979020979020935
2023-04-26,55600,57200,55600,56500,1452179,0.008928571428571397
2023-04-27,56200,56300,55300,55800,1311670,-0.012389380530973493
2023-04-28,56400,59100,56300,58100,3124682,0.04121863799283143
2023-05-02,58200,58600,57700,58500,1124552,0.0068846815834766595
2023-05-03,58000,58900,57800,58300,1047114,-0.0034188034188034067
2023-05-04,57200,57500,56000,57200,2274995,-0.018867924528301883
